Matricula,Nombre,Nickname,Equipo,Preguntas_correctas_1,Preguntas_incorrectas_1,Oro_obtenido_1,Preguntas_correctas_2,Preguntas_incorrectas_2,Oro_obtenido_2,Preguntas_correctas_3,Preguntas_incorrectas_3,Oro_obtenido_3
2854505,Islas Miranda Carlos Enrique,Carlos Islas,9,13.0,4.0,157.0,23.0,6.0,2450.0,54.0,16.0,275649.0
3006170,Méndez Hernández David Sebastián,Mr Fideo,9,11.0,10.0,23.0,16.0,5.5,1433.0,37.0,37.0,275649.0
2883894,Ramírez Escalante Pablo Elias,Pablo Ramírez,1,6.0,2.0,55.0,15.0,12.0,654.0,24.0,28.0,275649.0
4500985,Ullola Castro Jade,Ullola Jade,8,5.0,4.0,0.0,15.0,6.0,2963.0,29.0,14.0,244428.0
2878106,Lezama Araoz Luis Fernando,Luis,7,16.0,8.0,1014.0,21.0,8.0,0.0,49.0,9.0,183371.0
3018237,Sonck Patiño Emilio,TheSonk,6,5.0,5.0,439.0,5.0,1.0,110.0,32.0,17.0,167644.0
2902923,Isidro Javier Francisco,francisco isidr,8,6.0,5.0,642.0,11.0,5.0,1676.0,26.0,26.0,150271.0
3004603,Moreno Falcon Jean Carlo Daniel,Jean Carlo,8,8.0,11.0,333.0,18.0,23.0,682.0,45.0,48.0,95863.0
3001834,Romero López Rosa Carolina,Caro Romero,5,16.0,7.5,1505.5,10.0,3.0,1280.0,35.0,13.0,92929.0
2883236,Almaguer Gonzalez Mariana,Mariana,1,4.0,5.0,100.0,13.0,12.0,124.0,25.0,17.0,86453.0
2992445,Atacho Galindez Jesús David,AJ,2,8.0,5.0,436.0,24.0,7.0,4817.0,39.0,13.0,71372.0
3005606,Orozco García Donovan Gared,Donovan,3,12.0,16.0,606.0,9.5,11.5,2615.5,33.0,33.0,59111.0
2887087,Gutierrez Gomez Ivan,Ivan Gutierrez,7,11.0,4.0,673.0,17.0,4.0,7944.0,35.0,18.0,49728.0
2905638,Mayoral Rodríguez Marco Antonio,marquitos toys,0,11.0,14.0,233.0,20.0,20.0,1340.0,42.0,56.0,49374.0
2897709,García Zarza Diego Ivan,Diego G,6,8.0,5.0,220.0,26.0,10.0,2460.0,44.0,45.0,44907.0
2999206,López Malerva Diego Alfredo,LópezDiego,7,8.0,3.0,180.0,15.0,6.0,2431.0,25.0,18.0,41945.0
3010113,Mar Palacios Karol Alejandra,Karol,5,8.0,5.0,3011.0,7.0,9.0,23.0,19.0,10.0,35513.0
--,Esteves Gonzalez Miguel Angel,estevesmiguel,4,7.0,13.0,369.0,9.0,5.0,1540.0,28.0,43.0,31528.0
2878038,Gómez Herrera Ana Elisa,GómezAna,4,7.0,4.0,125.0,10.0,7.0,1707.0,15.0,21.0,25094.0
--,Hernandez Guerrero Benjamin,BenjaminH,3,6.0,1.0,359.0,9.5,11.5,2615.5,21.0,16.0,16260.0
3006890,Pensabe Cuevas Daniel Antonio,Kleinsito,4,9.0,5.0,220.0,7.0,6.0,186.0,12.0,10.0,11398.0
2877240,Hernandez Archundia Celic Gabriel,Celuc,7,12.0,6.0,420.0,17.0,10.0,4329.0,31.0,20.0,10974.0
3002750,Castillo Gutiérrez Carlos Eduardo,educastillo,4,12.0,6.0,10.0,13.0,6.0,717.0,20.0,14.0,7858.0
2827224,Contreras Jimenez Andrea Lizeth,Andreea,5,24.0,10.0,0.0,8.0,2.0,3011.0,21.0,10.0,3886.0
3008285,Velez Velázquez Bianca Lisset,Bianca,9,5.0,3.0,673.0,9.0,5.0,416.0,45.5,26.5,275649.0
2706207,Reyes Yan Ian Emmanuel,Ian,1,13.0,9.0,897.0,24.0,10.0,11765.0,24.5,22.5,181051.0
2904273,Ceballos Moreno Alan Rodrigo,Alan Ceballos,1,9.0,11.0,210.0,12.0,21.0,181.0,24.5,22.5,181051.0
2802451,Barriga Mathieu Gustavo De Jesús,BarrigaGustavo,3,8.0,8.0,422.6666666666667,7.0,14.0,3439.0,27.0,24.5,37685.5
--,Valencia Medina Alexis Giovanni,Giovanni VM,3,6.0,7.0,303.0,12.0,9.0,1792.0,27.0,24.5,37685.5
2945963,Moreno Hernandez Uriel Eluzai,MU,2,7.0,3.0,273.0,13.0,2.0,455.0,39.0,13.0,71372.0
--,Berlín Peláez Yair Saúl,BY,2,7.5,4.0,354.5,16.0,12.0,424.0,39.0,13.0,71372.0
--,Valencia Valadez Jesús Alejandro,ValenciaJesús,3,8.0,8.0,422.6666666666667,9.5,11.5,2615.5,27.0,24.5,37685.5
